{"curLon":121.57244815722319,"curLat":24.98841368610733,"curAlt":24.907480239868165}