{"curLon":121.57247871759039,"curLat":24.988496501089647,"curAlt":36.78499984741211}