{"curLon":121.57351468005534,"curLat":24.988432204265025,"curAlt":42.3275260925293}